{
  "project_info": {
    "project_number": "1030747856639",
    "project_id": "letstalknew-4580d",
    "storage_bucket": "letstalknew-4580d.appspot.com"
  },
  "client": [
    {
      "client_info": {
        "mobilesdk_app_id": "1:1030747856639:android:9b13240c8f56902636f6ca",
        "android_client_info": {
          "package_name": "com.example.chat_project"
        }
      },
      "oauth_client": [],
      "api_key": [
        {
          "current_key": "AIzaSyBheOQ0Nx6Er0kY87Adddr5x6_e7wyVJEY"
        }
      ],
      "services": {
        "appinvite_service": {
          "other_platform_oauth_client": []
        }
      }
    },
    {
      "client_info": {
        "mobilesdk_app_id": "1:1030747856639:android:4abdd91f569c906c36f6ca",
        "android_client_info": {
          "package_name": "com.example.lets_talk"
        }
      },
      "oauth_client": [],
      "api_key": [
        {
          "current_key": "AIzaSyBheOQ0Nx6Er0kY87Adddr5x6_e7wyVJEY"
        }
      ],
      "services": {
        "appinvite_service": {
          "other_platform_oauth_client": []
        }
      }
    },
    {
      "client_info": {
        "mobilesdk_app_id": "1:1030747856639:android:f9a2a4959717bee636f6ca",
        "android_client_info": {
          "package_name": "com.harshRajpurohit.we_chat"
        }
      },
      "oauth_client": [],
      "api_key": [
        {
          "current_key": "AIzaSyBheOQ0Nx6Er0kY87Adddr5x6_e7wyVJEY"
        }
      ],
      "services": {
        "appinvite_service": {
          "other_platform_oauth_client": []
        }
      }
    }
  ],
  "configuration_version": "1"
}