{
  "project_info": {
    "project_number": "825573210634",
    "project_id": "chat-project-cd00d",
    "storage_bucket": "chat-project-cd00d.appspot.com"
  },
  "client": [
    {
      "client_info": {
        "mobilesdk_app_id": "1:825573210634:android:68cc2b16a7e8057849bdf3",
        "android_client_info": {
          "package_name": "com.example.chat_project"
        }
      },
      "oauth_client": [],
      "api_key": [
        {
          "current_key": "AIzaSyDTbywKJbTWdslDyS59JT2HKT8tj1npWL0"
        }
      ],
      "services": {
        "appinvite_service": {
          "other_platform_oauth_client": []
        }
      }
    }
  ],
  "configuration_version": "1"
}